Age,Eliminated,Hometown,Name,Occupation,Outcome,Season,Nonwhite,Hair,Height
26,,"West Hollywood, California",Jane Averbukh,Social Worker,Week 1,23,0,brunette,
24,Week 5,"Venice, Italy",Agnese Polliza,Student,,9,,,
29,,"Vancouver, British Columbia",Alex Blumberg,Dog Rescuer,Week 2,23,0,brunette,
23,,"Boston, Massachusetts",Alex Dillon,Account Manager,Week 1,23,0,brunette,
25,,"Galloway, Ohio",Alexa (Lex) McAllister[9],Entrepreneur,Week 1,14,0,blonde,
27,Week 2,"Beverly Hills, California",Alexa Jurgielewicz,Special Ed. Teacher,,1,0,brunette,
24,,"Tampa, Florida",Alexis Morgado[13][22],Communications Director/NHL Ice Girl,Week 1,18,0,brunette,
23,,"Secaucus, New Jersey",Alexis Waters[8][20],Aspiring Dolphin Trainer,Week 5,21,0,brunette,
26,Week 2,"Southlake, Texas",Alexis Young,Attorney,,10,0,brunette,
25,,"Williamstown, Massachusetts",Ali Fedotowsky[1][4],Advertising Account Manager,Week 6,14,0,blonde,
27,,"Lawton, Oklahoma","Alison ""Ali"" Harrington",Personal Stylist,Week 1,22,0,blonde,
24,,"Hamilton, New Jersey",Alissa Giambrone[22],Flight Attendant,Week 2,19,0,brunette,
26,,"Orland Park, Illinois",Alli Restko[13],Nanny,Week 5,18,0,brunette,
24,,"Columbus, Ohio",Alli Travis[10],Apparel merchant,8,15,0,brunette,
24,,"Boise, Idaho",Alyssa Gill,Biology student,Week 1,12,0,blonde,
28,,"Portland, Oregon","Amanda ""Mandi"" Kremer[9]",Dentist,Week 2,20,0,blonde,
24,,"Lake in the Hills, Illinois",Amanda Goerlitz[33],Ballet Teacher,Week 1,19,0,blonde,
26,Week 3,"Dallas, Texas",Amanda Hackney,Financial analyst,,10,0,brunette,
23,Winner,"Chanute, Kansas",Amanda Marsh,Event Planner,,1,0,blonde,
26,,"Bakersfield, California",Amanda Meyer[14],Fit Model,Week 4,17,0,brunette,
26,,"LaFollette, Tennessee",Amanda Petterman[12],Law student,,12,0,blonde,
27,,"Niceville, Florida",Amanda Rantuccio[1],Account Executive,Week 7,12,0,brunette,
25,,"Rancho Santa Margarita, California",Amanda Stanton[13][17],Esthetician,Week 8,20,0,blonde,
23,Week 6,"Sugar Land, Texas",Amber Alchalabi,Teacher,,10,1,brunette,
23,,"Port Coquitlam, British Columbia",Amber Bacon[19],Labor and delivery nurse,Week 1,16,1,brunette,
30,,"Kankakee, Illinois",Amber James[26],Bartender,Week 4,20,0,blonde,
29,,"Kankakee, Illinois[i]",Amber James[5][30],Bartender,Week 3,19,0,blonde,
27,Week 2,"Sunriver, Oregon",Amber LaRoux,Consultant,,5,0,blonde,
28,,"Waverly, Nebraska",Amber Tierney[20][21],Critical care nurse,,16,0,blonde,
29,Week 1,"Los Angeles, California",Amber West,Business Development Director,,1,,,
26,Week 1,"Chapel Hill, North Carolina",Amber West,Psychologist,,2,,,
29,,"Denver, Colorado",Amber Wilkerson,Business Owner,Week 1,22,,,
22,,"Stockton, California",Amy,Nanny,Week 3,12,0,blonde,
28,Week 2,"New York, New York",Amy Anzel,Production Coordinator,,1,0,brunette,
31,,"Apopka, Florida",Amy Jokinen[13],Massage Therapist,,18,0,brunette,
27,,"Clermont, Florida",Amy Long[20],Local News Reporter,Week 2,18,0,brunette,
26,,"Buckhead, Georgia",Andi Dorfman[9],Assistant District Attorney,Week 9,18,0,brunette,
28,Week 1,"Cincinnati, OH",Andrea Shirley,Hotel concierge,,9,,,
27,Week 5,"Kansas City, Missouri",Angela,Registered Nurse,,2,,,
26,,"Cumberland, Maryland",Angela Amezcua[25],Model,Week 1,21,0,brunette,67
25,Week 2,"Avondale, Arizona",Angela Lowery,Hooters Waitress,,1,,,
27,Week 2,"Burbank, California",Angelique,Actress,,1,0,brunette,
28,,"Hamilton, New Jersey",Angelique Sherman,Marketing Salesperson,Week 2,23,1,brunette,
27,Week 2 (Quit),"New York, New York",Anindita Dutta,Attorney,,2,1,brunette,
24,,"Phoenix, Arizona",Ann Lueders,Flight Attendant,Week 1,13,0,brunette,
25,,"Detroit, Michigan",Anna Snowball[16][22],Student,,16,0,blonde,
32,,"San Mateo, California",Annaliese Puccini,Event Designer,Week 3,22,0,blonde,
27,Week 2,"Quebec City, Quebec",Anne-Catherine Labb√©,Model/make-up artist,,5,,,
23,,"Mequon, Wisconsin",Annie Reardon,Financial Associate,Week 2,23,0,blonde,
23,Week 1,"Chicago, IL",April Jacobs,Model,,9,,,
32,,"Houston, Texas",AshLee Frazier[13],Personal Organizer,Week 9,17,0,blonde,
22,,"Jacksonville Beach, Florida",Ashlee Williss[4],Singer-songwriter,Week 4,12,0,blonde,
25,,"North Potomac, Maryland",Ashleigh Hunt[1],Account Manager,Week 4,14,0,blonde,
29,,"Pittsburgh, Pennsylvania",Ashley Elmore[7],Teacher,Week 2,14,0,brunette,
25,,"Garner, North Carolina",Ashley Harper[28],Fashion Model,Week 1,17,1,brunette,
26,,"Madawaska, Maine",Ashley Hebert[7],Dental Student,Week 9,15,0,auburn,
26,,"Great Falls, Virginia[f]",Ashley Iaconetti[6][22],Nanny/Freelance Journalist,9,19,0,brunette,
25,,"West Palm Beach, Florida",Ashley Luebke,Real Estate Agent,Week 5,22,1,brunette,67
28,,"Macomb, Michigan",Ashley Palenkas[29],Hair Stylist,,17,0,blonde,
25,,"Roanoke, Texas",Ashley Poe[13],Grade School Teacher,,18,1,brunette,
24,,"Vinings, Georgia",Ashley Salter[25],Hair Stylist,Week 4,19,0,blonde,
26,,"Ellerbe, North Carolina",Ashley Spivey[13],Nanny,11,15,0,blonde,
26,,"Tampa, Florida",Astrid Loch[13],Plastic Surgery Office Manager,Week 4,21,0,brunette,
25,,"Shreveport, Louisiana[b]",Becca Tilley[10][11],Chiropractic Assistant,Runner-up,19,0,blonde,
26,,"Shreveport, Louisiana",Becca Tilley[19],Chiropractic Assistant,Week 7,20,0,blonde,
27,Week 7,"Washington, D.C.",Bettina Bell[2],Realtor,,11,0,blonde,
28,Week 8,"Palo Alto, California",Bevin Nicole Powers,Assistant,,10,0,blonde,
30,,"Miami, Florida",Bibiana Julian,Executive Assistant,Week 3,22,1,brunette,64
33,,"Rutherfordton, North Carolina",Blakeley Jones[7],VIP cocktail waitress,9,16,0,brunette,
29,Week 1,"Birmingham, Alabama",Blakeney Rowe,Radio sales,,10,0,blonde,
25,,"Carpinteria, California",Bo Stanley[39],Plus-Size Model,,19,0,blonde,
30,,"Seattle, Washington",Breanne Rice[36],Nutritional Therapist,Week 1,20,0,brunette,
28,,"Salt Lake City, Utah",Briana Guertler[30],Surgical Unit Nurse,,21,0,brunette,64
25,,"Grants Pass, Oregon","Brianna ""Bri"" Amaranthus",Sports Reporter,Week 1,22,0,brunette,65
24,,"Los Angeles, California","Brianna ""Bri"" Barnes",Model,Week 3,23,0,blonde,
25,,"Holland, Pennsylvania",Britnee,Paralegal,Week 1,15,0,brunette,
28,Week 1,"Columbus, OH",Britt (Bowe) Newton,Beer chemist,,9,,,
25,,"Woodinville, Washington",Britt Billmaier[6],Food writer,6,15,0,blonde,
27,,"Wolcott Mills, Michigan",Britt Nilsson[6][15],Waitress,6,19,0,brunette,
27,,"San Diego, California",Brittane Johnson,Marketing Manager,Week 1,22,1,brunette,63
26,,"Santa Monica, California",Brittany Farrar[6],Travel Nurse,Week 3,21,0,brunette,62
26,,"Temecula, California",Brittany Fetkin[40],WWE Diva-in-Training,,19,0,brunette,
30,,"Belton, South Carolina",Brittany Taylor,Tech Recruiter,Week 4,22,1,brunette,65
26,,"Colorado Springs, Colorado",Brittney Schreiner[3],Medical sales representative,16 (quit),16,0,blonde,
25,,"Pittsburgh, Pennsylvania",Brooke Burchette[25],Community Organizer,Week 2,17,1,brunette,
22,Runner-Up,"Albertville, Alabama",Brooke Smith,College Student,,2,0,blonde,
23,,"Asheville, North Carolina",Caelynn Miller-Keyes,Miss North Carolina USA 2018,Week 8,23,0,brunette,
24,,"Hudson, Ohio",Caila Quinn[14][15],Software Sales Representative,Week 9,20,1,brunette,
25,,"Toronto, Ontario",Caitlin Clemmens,Realtor,Week 3,23,0,brunette,
24,,"Winfield, Illinois",Caitlyn McCabe[10],Spokesmodel,,14,0,brunette,
29,Week 1,"Los Angeles, California",Camille Langfield,Actress,,2,0,brunette,
23,Week 1,"Hilton Head Island, South Carolina",Candace DeCost,Waitress,,10,0,blonde,
29,Week 1,"Granite City, Illinois",Cari,3rd Grade Teacher,,2,,,
25,Week 1,"Cattaraugus, NY",Carissa Ilburg,Attorney,,9,,,
29,,"Arlington, Texas",Carly Waddell[18],Cruise Ship Singer,Week 7,19,0,blonde,
26,,"Holliston, Massachusetts",Caroline Lunny,Realtor,Week 4,22,0,brunette,70
25,,"Oklahoma City, Oklahoma",Carri Perrier[8][9],Church marketing rep.,Week 2,12,0,blonde,
26,,"Leawood, Kansas",Casey Shteamer[10],Trading clerk,8 (DQ),16,0,blonde,
22,,"Shelby Charter Township, Michigan",Cassandra Ferguson[15],Former NBA Dancer,8,18,0,brunette,
26,,"Fort Lauderdale, Florida",Catherine Agro,DJ,Week 3,23,0,blonde,
26,,"Seattle, Washington",Catherine Giudici[11],Graphic Designer,Winner,17,1,brunette,
23,Week 1,"Lake Forest, Illinois",Catherine Warren,Former Miss Illinois,,10,0,blonde,
22,Week 3,"Terra Haute, Indiana",Cathy Grimes,Graduate Student,,1,0,blonde,
24,Week 2,"Ithaca, New York",Celeste Creel,Model/executive assistant,,5,,,
29,,"Santa Rosa, California",Channy Choch[11],Mortgage Loan Officer,,14,1,brunette,
28,,"Mercer Island, Washington",Chantal O'Brien[6],Executive Assistant,Runner-up,15,0,brunette,
27,,"Miami, Florida",Chantel Forrest[21],Account Manager,,18,1,brunette,
29,,"South Portland, Maine",Chelsea Roy,Real Estate Executive Assistant,Week 6,22,0,blonde,
25,,"Durango, Colorado",Chelsea Wanstrath[1],Pharmaceutical sales rep.,Runner-up,12,0,blonde,
24,,"Lexington, Ohio",Chelsie Webster[11],Science Educator,Week 7,18,0,blonde,
25,,"Martinsville, Indiana",Christen Whitney[22][23],Wedding Videographer,Week 3,21,0,brunette,65
23,Week 3,"Boise, Idaho",Christi Weible,Assistant Financial Advisor,,2,0,blonde,
25,,"San Diego, California",Christina McCasland[8],Restaurant Manager,,14,0,blonde,
28,Week 3,"Bonita, California",Christina Stencil,Attorney,,1,0,blonde,
23,,"Miami, Florida",Christine Llano[13][23],Police Support Specialist,,18,,,
24,Week 1,"Avondale, Arizona",Christy,Radiological Technologist,,2,,,
24,,"Aurora, Illinois",Christy Hansen[19],Marketing Manager,Week 3,18,0,blonde,
32,,"Sacramento, California",Clare Crawley[8],Hairstylist,Runner-up,18,0,blonde,
22,Week 1,"Boca Raton, FL",Claudia Gismondi,Restaurateur,,9,,,
24,,"Miami, Florida",Corinne Olympios[8][18],Business Owner,Week 8,21,0,blonde,
23,,"Kissimmee, Florida",Corrie Adamson[1],Wardrobe Consultant,Week 5,14,0,blonde,
,Week 1,Italy,Cosetta Blanca,Dancer,,9,,,
23,,"McDonough, Georgia",Courtney Curtis,Caterer,Week 4,23,1,brunette,
28,,"Scottsdale, Arizona",Courtney Robertson[3][4],Model,Winner,16,0,brunette,
30,,"Davie, Florida",Cristy Caserta[20],Attorney,,15,0,blonde,
30,,"Anderson, South Carolina","D'Nysha ""Nysha"" Norris",Orthopedic Nurse,Week 1,22,1,brunette,
24,Week 2,"Beverly Hills, California",Dana Norris,Radio Sales,,2,,,
30,Week 1,"Seattle, Washington",Daniela Ferdico,Neuropsychologist,,1,0,auburn,
24,,"Belmont, California",Daniella McBride[17],Commercial Casting Associate,Week 6,17,0,blonde,
25,Week 7,"Bethel, Connecticut",Danielle Imwalle,Graphic Designer,,10,0,blonde,
27,,"Danville, California",Danielle Lombard[6][9],Small Business Owner,Week 6,21,1,brunette,65
31,,"Colgate, Wisconsin",Danielle Maltby[14],Neonatal Nurse,Week 7,21,1,blonde,70
25,,"Litchfield, Illinois",Danielle Ronco[16],Psychiatric Nurse,Week 5,18,1,brunette,
26,Week 1,"Bronx, New York",Danielle Vallis,Attorney,Week 1,10,0,brunette,
25,Week 8,"Newnan, Georgia",Deanna Pappas[1],Realtor,Week 8,11,0,brunette,
27,Week 2,"Pinetops, North Carolina",Debbie Merkett,Massage therapist/bartender,,5,,,
23,,"Red Oak, Texas",Demi Burnett,Interior Designer,Week 6,23,0,blonde,
30,,"Washington, D.C",Denise,Attorney and former White House aide,Week 1,12,0,brunette,
30,Week 1,"Honolulu, Hawaii",Denise Kallaher,Doctor,Week 1,1,1,brunette,
25,Week 1,"Phillipsburg, New Jersey",DeShaun Warner,Account manager/sales,,5,,,
26,,"Northglenn, Colorado",Desiree Hartsock[14],Bridal Stylist,Week 8,17,0,brunette,
22,Week 4,"Salt Lake City, Utah",Desiree Valentin,Realtor,,9,,,
23,,"Atlanta, Georgia",Devin Gooden,Broadcast Journalist,Week 1,23,1,brunette,
24,,"Austin, Texas",Devon Antin,Makeup artist,Week 1,12,0,blonde,
31,,"Sandy, Utah",Diana Weeks Willardson[26],Salon Owner,Week 2,17,0,brunette,
30,,"San Gabriel, California",Dianna Martinez[13],Nonprofit director,Week 1,16,1,brunette,
26,Week 1,"Madison, New Jersey",Dolores Farburg,Account manager,,5,,,
25,,"Los Angeles, California",Dominique Alexis[6],Restaurant Server,Week 3,21,1,brunette,
26,,"Mt. Carmel, Pennsylvania",Dominique Carta,Medical Sales Rep.,Week 1,13,0,blonde,
27,,"Forty Fort, Pennsylvania",Elise Mosca[17],First Grade Teacher,Week 4,18,0,blonde,
29,,"Scottsbluff, Nebraska","Elizabeth ""Liz"" Sandoz[8]",Doula,Week 2,21,0,brunette,64
29,,"Imperial, Nebraska",Elizabeth Kitt (NE)[4],Nanny,Week 3,14,0,blonde,
29,,"Union, Kentucky",Elizabeth Kreft (D.C.)[12],"Captain, Air National Guard",,14,0,brunette,
24,,"New Trier, Illinois",Elizabeth Whitelaw[21],Marketing Manager,Week 1,21,0,blonde,67
30,,"La Follette, Tennessee",Ella Nolan[1][4],Hair Stylist,Week 4,14,0,brunette,
30,Week 2,"New Haven, Connecticut",Ellen DeMaio,Realtor,,9,,,
31,,"Soldotna, Alaska",Elyse Dehlbom,Makeup Artist,Week 5 (quit),23,0,auburn,
27,Week 1,"New York, NY",Elyse Hammer,Physician,,9,,,
24,,"Chicago, Illinois",Elyse Myers[10],Personal trainer,Week 5,16,0,brunette,
23,,"Seattle, Washington",Emily,Casino Marketing Rep.,Week 1,13,0,blonde,
23,,"Las Vegas, Nevada",Emily Ferguson[a][13][21],Waitress,Week 7,20,0,blonde,
23,,"West Chester, Ohio",Emily Harkins[9],Fitness Model,Week 1,14,0,brunette,
25,,"Morgantown, West Virginia",Emily Maynard[5],Children's Hospital Event Planner,Winner,15,0,blonde,
27,,"Chapel Hill, North Carolina",Emily O'Brien[7],PhD Student,Week 7,16,0,blonde,
25,,"Monroe, Connecticut",Erica DeSimone,Account Executive,Week 2,13,0,brunette,
23,Week 3,"Houston, Texas",Erica Rose,Socialite,Week 3,9,0,blonde,
25,,"Encinitas, California",Erika McNutt,Recruiter,Week 2,23,0,blonde,
23,,"Charlottesville, Virginia",Erika Uhlig[14],Law student,Week 3,16,0,brunette,
25,Week 2,"Westchester, Pennsylvania",Erin,Publications Quality Control,,2,,,
24,Week 1,"Houston, Texas",Erin,Interior Designer,,2,,,
25,Week 2,"Tampa, Florida",Erin Gardner,Publishing sales executive,Week 2,11,0,blonde,
25,,"Seattle, Washington",Erin Harper[10][11],Event planner,Week 2,12,0,brunette,
28,,"Plano, Texas",Erin Landry,Human Resources Manager,Week 1,23,0,blonde,
24,Week 3,"Logansport, Louisiana",Erin Parker,Financial analyst,Week 3,10,0,blonde,
33,,"Venice, California",Erin Storm,Hot-dog vendor,Week 3,12,0,blonde,
26,Week 4,"Atlanta, Georgia","Estefania ""Stephy"" Kootz",Executive assistant,Week 4,11,1,brunette,
22,Week 1,"Long Beach, California",Fatima Rivas,College Student,Week 1,2,,,
30,Week 2 (Quit),"San Francisco, California",Frances Dinglasan,Strategic Planning Analyst,Week 2 (quit),2,1,brunette,
25,Week 1,"Houston, Texas",Francine Jones,Retail manager,Week 1,5,,,
26,,"New York, New York",Gia Allemand[1][4],Swimsuit Model,Week 7,14,0,brunette,
28,Week 3,"Chicago, Illinois",Gina Clark,Ultrasound technician,Week 3,9,,,
31,Week 6,"Philadelphia, Pennsylvania",Gwen Gioia,Executive Recruiter,Week 6,2,0,blonde,
23,,"Vancouver, British Columbia",Hailey Merkt[16],Photographer,Week 2,21,0,brunette,67
23,,"Las Vegas, Nevada",Haley Ferguson[a][13][21],Waitress,Week 4,20,0,blonde,
24,,"Northport, Alabama",Hannah Brown,Miss Alabama USA 2018,Week 7,23,0,blonde,
24,,"Birmingham, Alabama",Hannah Godwin,Content creator,Week 9,23,0,blonde,
28,Week 4,"Lake Oswego, Oregon",Hayley Crittenden,Retail Manager,Week 4,2,0,brunette,
24,Week 3,"Walnut Creek, California",Heather,Marriage Therapy Trainee,Week 3,2,,,
30,Week 4,"Dallas, Texas",Heather Crawford,Flight Attendant,Week 4,2,0,blonde,
23,,"Carlsbad, California",Heather Martin,Assistant Program Manager,Week 7 (quit),23,0,blonde,
34,Week 1,"Aliquippa, PA",Heather Sneed,Registered nurse,Week 1,9,,,
27,Winner,"Gloucester, New Jersey",Helene Eksterowicz,School Psychologist,Winner,2,0,blonde,
27,Week 5,"Philadelphia, Pennsylvania",Hillary Reisinger[4],Registered nurse,Week 5,11,0,blonde,
24,,"Suffield, Ohio",Holly Durst[5][6],Children's book author,Week 4,12,0,brunette,
34,,"Salyersville, Kentucky",Holly Johnson[20],Pharmaceutical sales representative,Week 1,16,0,blonde,
26,Week 1,"Tulsa, Oklahoma",Holly Reeder,Bank representative,Week 1,5,,,
23,,"Harlingen, Texas",Ida Marie DeLosSantos[29],Sales Manager,Week 1,21,1,brunette,
24,,"Branford, Connecticut","Isabel ""Izzy"" Goodkind[38]",Graphic Designer,Week 1,20,0,brunette,
26,,"Newport, Rhode Island",Jackie Gordon[9],Artist,Week 6,15,0,brunette,
26,,"Springfield, Massachusetts",Jackie Hickey,Wedding Coordinator,Week 1,13,0,brunette,
22,Week 1,"Pittsburgh, Pennsylvania",Jackie Hucko,Bar Manager,,1,0,blonde,
25,,"Ormond Beach, Florida",Jackie Parr[21],Cosmetics Consultant,Week 5,17,0,brunette,
23,Week 1,"Minneapolis, Minnesota",Jackie Topelli,Executive coordinator,Week 1,10,0,brunette,
27,,"Newton, Massachusetts",Jaclyn Swartz[15],Advertising account manager,Week 3,16,0,blonde,
23,,"Newport Beach, California","Jacqueline ""Jackie"" Dion[33]",Gerontologist,Week 2,20,0,brunette,
26,,"Morgantown, West Virginia",Jacqueline Trumbull,Research Coordinator,Week 7 (quit),22,0,brunette,65
24,Week 4,"Nashville, Tennessee",Jade Beazley[6],Boutique sales worker,Week 4,11,0,brunette,
28,,"Gering, Nebraska[d]",Jade Roper[6][15][16],Cosmetics Developer,Week 8,19,0,brunette,
28,,"New Orleans, Louisiana",Jaimi King[12],Chef,Week 5,21,1,brunette,62
23,,"St. Albert, Alberta",Jami Letain[29],Bartender,Week 3,20,1,brunette,
27,Week 3,"Galveston, Texas",Jami Matzke,Event planner,Week 3,9,,,
25,,"Dryden, New York",Jamie Otis[9],Registered nurse,Week 6,16,0,brunette,
25,,"Tacoma, Washington",Jasmine Brown[27],Flight Attendant,Week 1,21,1,brunette,62
29,,"Maplewood, New Jersey",Jasmine Goode[10],Pro Basketball Dancer,Week 6,21,1,brunette,67
26,Week 2,"Gibson, North Carolina",Jean-Marie Callahan,Hair stylist,Week 2,5,,,
27,Week 1,"Tampa, Florida",Jeanette Alvarez,Health care manager,Week 1,10,1,brunette,
23,Week 4,"Bloomingdale, Illinois",Jeanette Pawula,Teacher,Week 4,9,,,
27,,"Loveland, Ohio",Jenna Burke[16][17],Blogger,Week 2,16,0,brunette,
28,,"Raleigh, North Carolina",Jenna Cooper,Social Media Manager,Week 6,22,0,blonde,
27,Week 8,"Wichita, Kansas",Jenni Croft,Phoenix Suns Cheerleader,Week 8,11,0,brunette,
25,,"Northbrook, Illinois","Jennifer ""Jenny"" Delaney",Graphic Designer,Week 2,22,0,blonde,64
28,,"Cache, Oklahoma",Jennifer Fritsch[10],Accountant,Week 5,16,0,auburn,
25,,"Lauderdale Lakes, Florida",Jennifer Saviano[21],Small Business Owner,Week 5,20,0,black,
24,Winner,"Pembroke Pines, Florida",Jennifer Wilson,Teacher,Winner,9,0,blonde,
26,Week 3,"Carrboro, North Carolina",Jenny De Schiralli,Swim instructor/nanny/personal trainer,Week 3,5,,,
24,Week 2,"Canton, Michigan",Jenny Matthews,Retail manager,Week 2,5,,,
26,,"Seattle, Washington","Jessica ""J"" Adams[6]",Operations Manager,Week 1,15,0,black,
22,Winner,"Huntington Beach, California",Jessica Bowlin,Student,Winner,5,0,blonde,
26,,"Calgary, Alberta, Canada",Jessica Carroll,Television Host,Week 1,22,0,blonde,
32,Week 1,"New York, New York",Jessica Devallo,Hedge fund analyst,Week 1,10,0,blonde,
25,Week 3,"Pearsall, Texas",Jessica Holcomb,Attorney,Week 3,5,,,
25,Week 1,"Charlotte, NC",Jessica Horner,Assistant buyer,Week 1,9,,,
27,Week 1,"Lady Lake, Florida",Jessica Kiss,News anchor,Week 1,11,0,blonde,
21,Week 1,"Cincinnati, Ohio",Jessica Kyron,Student,Week 1,5,,,
23,,"Boca Raton, Florida",Jessica Moser[39],Accountant,Week 1,20,1,brunette,
25,,"Oakville, Ontario",Jessie Sulidis[1],Cosmetic Sales Manager,Week 4,14,0,brunette,
31,Week 1,"Chicago, Illinois",Jill Gosser,Retail Manager,Week 1,1,0,brunette,
28,,"Frisco, Texas",Jill Ruskowski[14],Sales director,Week 1,15,0,black,
25,,"Howland, Ohio[h]",Jillian Anderson[28][29],News Producer,Week 4,19,0,brunette,
29,,"Peace River, Alberta",Jillian Harris,Interior Designer,Week 7,13,0,brunette,
24,,"Dallas, Texas","Joelle ""JoJo"" Fletcher[6][13]",Real Estate Developer,Runner-up,20,0,brunette,
24,,"Windsor, Colorado",Jordan Branch[35],Student,Week 2,19,0,blonde,
24,,"Santa Cruz, California",Josephine Tutman[10],Unemployed Nurse,Week 5,21,0,blonde,
24,,"Fort Lauderdale, Florida",Jubilee Sharpe[13][21],War Veteran,Week 5,20,1,black,
30,,"Beaverton, Oregon",Juelia Kinney[5][27],Esthetician,Week 4,19,0,blonde,
24,Week 1,"Chicago, Illinois",Juli Gilliam,Law student,Week 1,11,0,blonde,
26,,"Columbus, Ohio",Julie Dermotta,Teacher,Week 1,13,1,black,
24,Week 3,"Sacramento, California",Julie Durda,Professional Cheerleader,Week 3,5,,,
25,,"Clarksville, Tennessee",Kacie Boguskie[24],Administrative Assistant,Week 3,17,0,brunette,
24,,"Clarksville, Tennessee[c]",Kacie Boguskie[6],Administrative assistant,Week 8,16,0,brunette,
29,,"Leduc, Alberta[c]",Kaitlyn Bristowe[12],Dance Instructor,Week 9,19,0,brunette,
25,,"Brownsville, Kentucky",Kara Wilson[41],High School Soccer Coach,Week 1,19,0,blonde,
28,Week 4,"Pleasant Grove, Utah",Karen Lindsay,Pharmaceutical sales,Week 4,5,,,
27,,"Lee's Summit, Missouri",Kari Fajen[8],Account Executive,Week 2,13,0,brunette,
29,,"Iowa City, Iowa",Kat Hurd[14],Medical Sales Representative/NBA Dancer,Week 6,18,0,blonde,
24,Week 4,"Ravenel, South Carolina",Kate Brockhouse,Boutique owner,Week 4,10,0,blonde,
25,,"Lexington, Kentucky",Kathryn Sherlock[5],Corporate Flight Attendant,Week 4,14,0,blonde,
23,Week 2,"Malden, Massachusetts",Katie,Power Tool Sales Rep.,Week 2,1,,,
22,Week 3,"Scottsdale, Arizona",Katie Gehart,LASIK Eye and Skin Center manager,Week 3,5,,,
27,,"Woodstock, Illinois",Katie Levans[27],Yoga Instructor,Week 2 (quit),17,0,brunette,
26,,"Oviedo, Florida",Katie Morton,Medical Sales Representative,Week 6,23,1,black,
28,,"Chicago, Illinois",Katrina Badowski,Professional Sports Dancer,,24,0,brunette,
27,,"North Barrington, Illinois",Kelley Flanagan,Attorney,,24,0,brunette,
25,,"Hollywood, California",Kelly Duncan,Medical sales rep.,Week 4,12,0,blonde,
28,,"Chattanooga, Tennessee",Kelly Dutton[30],Cruise Ship Entertainer,Week 1,17,0,blonde,
27,,"Conyers, Georgia",Kelly Travis[9][13],Dog Lover,Week 5,18,0,brunette,
28,,"Hudsonville, Michigan[e]",Kelsey Poe[6][20],Guidance Counselor,Week 6,19,0,brunette,
28,,"Des Moine, Iowa",Kelsey Weier,Professional Clothier,,24,0,blonde,
28,,"Sherwood Park, Alberta",Keltie Colleen[18],Radio City Rockette,Week 2,15,0,brunette,
26,,"Santa Clarita, California",Kendall Long,Creative Director,Week 9,22,0,blonde,
29,,"Agoura Hills, California",Keriann Miranda[31],Entrepreneur,Week 1,17,0,blonde,
23,,"Roswell, Georgia",Kiarra Norman,Nanny,,24,1,blonde,
24,Week 4,"Tempe, Arizona",Kim,Nanny,Week 1,1,0,blonde,
27,Week 2,"Newport Beach, California",Kim Jackson,Interior designer,Week 2,9,,,
31,Week 1,"Woodbridge, Connecticut",Kim Orville,Realtor,Week 1,11,0,brunette,
27,,"Orlando, Florida",Kimberly Coon[15],Marketing Coordinator,Week 3,15,0,blonde,
28,,"Wantagh, New York[36]",Kimberly Sherbach[36],Yoga Instructor,Week 1,19,0,black,
24,,"Norman, Oklahoma",Kimberly Sullivan[13],NBA Dancer,Week 1,14,0,brunette,
26,,"Whittier, California",Kirpa Sudick,Dental Hygienist,Week 7,23,1,brunette,
25,,"Aurora, Colorado",Kirsten Pittman[14],Waitress,Week 1,14,0,blonde,
25,Week 1,"Sausalito, California",Kristin Clearwater,Singer,Week 1,5,,,
27,Week 1,"Los Angeles, California",Kristina Jenkins,Advertising Executive,Week 1,1,,,
24,,"Lexington, Kentucky",Kristina Schulman[19],Dental Hygienist,Week 7,21,0,brunette,
33,,"Dillsburg, Pennsylvania",Kristine Heffelfinger[7],Personal trainer,Week 3,12,0,blonde,
25,,"Darien, Wisconsin",Kristy Kaminski[22],Model,Week 3,17,0,brunette,
29,Week 5,"Gurnee, Illinois",Kristy Katzmann[5],Acupuncturist,Week 5,11,0,brunette,
25,Week 2,"Dearborn, Michigan",Kristy Romero,Student,Week 2,5,,,
30,,"Missoula, Montana",Krystal Nielson,Fitness Coach,Week 6,22,0,blonde,
22,Week 3,"Midvale, Utah",Kyla Dickerson,Airline Supervisor,Week 3,2,0,blonde,
23,,"Rockford, Illinois",Kylie Lewis[13][24],Interior Designer,Week 1,18,0,red,
26,,"Santa Monica, California",Kylie Ramos,Entertainment Sales Associate,,24,0,blonde,
25,,"Denver, Colorado",Lace Morris[24],Real Estate Agent,Week 3 (quit),20,0,brunette,
27,,"Tampa, Florida",Lacey Garbelman[21],Insurance agent,Week 1,15,0,blonde,
24,,"Stevenson Ranch, California",Lacey Latka[14],Graduate Student,Week 1,17,0,blonde,
25,,"Towaco, New Jersey",Lacey Mark[15],Digital Marketing Manager,Week 2,21,0,blonde,
25,,"Antelope Acres, California",Lacy Faddoul[13][21],Nursing Home Owner,Week 1,18,0,brunette,
23,Week 3,"Los Angeles, California",LaNease Adams,Actress,Week 3,1,1,brunette,
24,,"Louisville, Kentucky",Laura Esselman[21],Account Executive,Week 1,20,0,red,
29,Week 1,"San Diego, CA",Laura Morgan,Dolphin trainer,Week 1,9,,,
26,,"Dallas, Texas",Laura Pellerito,Accountant,Week 1,23,0,black,
23,,"Stillwater, Oklahoma","Lauren ""LB"" Barr[35]",Fashion Buyer,Week 2 (quit),20,0,brunette,
25,,"Virginia Beach, Virginia",Lauren Burnham,Technology Salesperson,Runner-up,22,0,blonde,
25,,"West Linn, Oregon",Lauren Bushnell[9][10][11],Flight Attendant,Winner,20,0,blonde,
26,,"Indianapolis, Indiana",Lauren Griffin,Executive Recruiter,Week 2,22,1,black,
25,,"Edmond, Oklahoma",Lauren Higginson[13],Mineral Coordinator,Week 1,18,0,brunette,
25,,"Dexter, Michigan",Lauren Himle[22],Kindergarten Teacher,Week 6,20,0,blonde,
30,,"Naples, Florida",Lauren Hussey[31],Law School Graduate,Week 1,21,0,blonde,
33,,"New Roads, Louisiana",Lauren Jarreau,Recent Master's Graduate,Week 1,22,0,blonde,
26,,"Glendale, California",Lauren Jones,Marketing Executive,,24,1,brunette,
27,,"Cranston, Rhode Island",Lauren Marchetti[32],Journalist,Week 1,17,0,blonde,
26,,"Culpeper, Virginia",Lauren Moore[22],High School Teacher,Week 1,15,0,blonde,
26,,"Houston, Texas",Lauren Russell[40],Math Teacher,Week 1,20,0,brunette,
31,,"Dallas, Texas",Lauren Schleyer,Social Media Manager,Week 3,22,0,blonde,
26,,"Austin, Texas",Lauren Solomon[18],Music Composer,Week 4,18,0,brunette,
27,,"Marlboro, New Jersey",Lauren Wanger,Teacher,Week 4,13,0,blonde,
25,,"Greenwood Village, Colorado",Leah Block[24],Event Planner,Week 6,20,0,blonde,
23,,"Tampa, Florida",Lesley Geyer[13],Youth minister,Week 1,12,0,brunette,
24,,"Fort Smith, Arkansas",Lesley Murphy[15],Political Consultant,Week 7,17,0,blonde,
28,,"Ruskin, Florida",Leslie Hughes[14],Poker Dealer,Week 4,17,1,black,
30,Week 1,"Coral Gables, Florida",Liangy Fernandez,Paralegal,Week 1,2,,,
33,Week 1,"Cuyahoga Falls, Ohio",Linda Malek,Attorney,Week 1,10,0,brown,
25,,"Plano, Texas",Lindsay Hill[14],First grade teacher,Week 4,15,0,red,
22,Week 1,"Lawrence, Kansas",Lindsay Smith,Student,Week 1,10,1,brown,
24,,"Fort Bragg, North Carolina",Lindsay Yenter[12],Substitute Teacher,Runner-up,17,0,brunette,
25,Week 3,"Livonia, Michigan",Lindsey Hawkins,Model,Week 3,11,0,blonde,
27,,"Newcastle, Washington[b]",Lindzi Cox[5],Business development manager,Runner-up,16,0,brunette,
25,Week 6,"Portland, Oregon",Lisa Blank,Marketing manager,Week 6,9,,,
29,Week 1,"Dallas, Texas",Lisa Gold,Attorney,Week 1,1,0,brunette,
28,,"Boise, Idaho",Lisa Gonzalez[12],Public Relations Associate,Week 2 (quit),13,0,brunette,
24,,"Ottawa, Kansas",Lisa Morrisey[11],Marketing Coordinator,Week 5,15,0,brunette,
27,,"Dix Hills, New York",Lisa Pastrich,Sales Consultant,Week 1,15,0,blonde,
26,Week 1,"Dallas, Texas",Lori,Former NBA Cheerleader,Week 1,2,,,
33,Week 1,"Annapolis, Maryland",Lori Langley[11],Biology teacher,Week 1,11,0,blonde,
25,,"Santa Barbara, California",Lucinda Aragon,Free Spirit,Week 3,18,0,brunette,
29,,"London, England",Lyndsie James[20],Internet entrepreneur,Week 1,16,0,blonde,
21,,"Maple Valley, Washington",Mackenzie Deonigi[5],Dental Assistant,Week 5,19,0,brunette,
25,,"Vail, Colorado",Madison Garton[17],Model,Week 3 (quit),15,0,blonde,
23,,"Auburn, Alabama",Madison Prewett,Foster Parent Recruiter,,24,0,brunette,
30,,"Visalia, California",Maegan Miller[40],Cowgirl,Week 1,20,0,brunette,
25,,"Wagener, South Carolina",Maggie Gantt[13][25],Personal Banker,Week 1,18,0,brunette,
24,Week 2,"Honolulu, Hawaii",Mallory Simons,Nanny,Week 2,11,0,blonde,
25,Week 2,"San Diego, California",Mandy Clemens,Professional soccer player,Week 2,5,,,
26,Week 6,"Midland, Texas",Mandy Jaye Jeffreys,Designer for an architect firm,Week 6,5,,,
23,,"American Fork, Utah",Maquel Cooper,Photographer,Week 5,22,0,blonde,
27,,"Salt Lake City, Utah",Marikh Mathias,Restaurant Owner,Week 5,22,1,brunette,
26,,"Mesa, Arizona",Marissa May[12],Sports Publicist,Week 5,15,0,black,
27,,"Brooklyn, New York",Marshana Ritchie[3],Fashion designer,Week 5,12,1,black,
,,,Mary Delgado,,Winner,6,0,brunette,
23,,"Atlanta, Georgia",Maurissa Gunn,Patient Care Coordinator,,24,1,black,
26,Week 4,"Lemon Grove, California",McCarten Delaney[7][8],Account manager,Week 4,11,0,brunette,
24,,"Nashville, Tennessee",Megan Bell[5],Make-Up Artist,Week 6,19,0,blonde,
26,,"San Francisco, California",Megan Hops,Flight Attendant,,24,0,blonde,
25,,"Sewickley, Pennsylvania",Megan Parris[5],Single Mother and Lacrosse Coach,Week 4,13,0,brunette,
30,,"Princeton, New Jersey",Meghan Merritt,Fashion Marketer,Week 4,15,0,brunette,
28,Week 1,"Westchester, New York",Melissa Buschel[12],Event planner,Week 1,11,0,blonde,
25,Week 2,"Tempe, Arizona",Melissa Reese,Photographer,Week 2,1,0,brunette,
25,,"Dallas, Texas",Melissa Rycroft[1],Sales Representative,Winner,13,0,brunette,
32,,"Westport, Connecticut",Melissa Schreiber[19],Waitress,Week 2,15,0,blonde,
,,"Beaverton, Oregon",Meredith Phillips,Make-Up Artist,Runner-up,4,0,brunette,
27,Week 1,"Biloxi, MS",Meri Barr,Attorney,Week 1,9,,,
28,Week 1,"Forked River, New Jersey",Merrilee Donohue,1st Grade Teacher,Week 1,2,,,
30,Week 2,"South Brunswick, New Jersey",Michele Leavy[10],Realtor,Week 2,11,0,blonde,
33,,"Laguna Niguel, California",Michele Romero,Interior designer,Week 1,12,0,brunette,
25,,"Provo, Utah",Michelle Davis[5],Wedding Cake Baker,Week 1,19,0,brunette,
26,,"Anaheim, California",Michelle Kujawa[4],Office Manager,Week 3,14,0,brunette,
30,,"Salt Lake City, Utah",Michelle Money,Hair stylist,Week 7,15,0,brunette,
28,,"Syracuse, New York",Michelle Procopio,Administrative assistant,Week 2,12,0,red,
24,,"Los Angeles, California",Michelle Ramkissoon[6][9],Food Truck Owner,Week 1,21,1,brunette,
24,,"Brookfield, Wisconsin",Molly Malaney[2],Department Store Buyer,Runner-up,13,0,brunette,
33,,"Yuba, California",Monica Spannbauer[11],Dental consultant,Week 4,16,0,blonde,
24,Week 1,"Tempe, Arizona",Morgan Becker,Graduate student,Week 1,11,0,brunette,
24,,"Carlsbad, California",Naomi Rose Crespo[3],Flight Attendant,Week 6,13,1,brunette,
27,,"Morton, Illinois",Natalie Getz[9],Human Resources Recruiter,Week 2,13,0,blonde,
25,Week 1,"Duncanville, Texas",Natalie Velasco,Law student,Week 1,11,1,brunette,
31,,"New York City, New York",Natasha Parker,Event planner,,24,1,black,
26,,"Hurst, Texas",Nicki Sterling[3],Dental hygienist,Week 9,16,0,brunette,
29,,"Blue Island, Illinois","Nicole ""Nikki"" Kaapke[7]",Administrative Assistant,Week 4,13,0,black,
26,Week 4,"Charleston, South Carolina",Nicole Clary,Sales Manager,Week 4,10,1,black,
25,,"Miami, Florida",Nicole Lopez-Alvar,Social Media Coordinator,Week 5,23,1,brunette,
25,,"Calgary, Alberta",Nicole Mah,Menswear Buyer,Week 1,13,1,black,
31,,"Scottsdale, Arizona",Nicole Meacham[42][43],Real Estate Agent,Week 1,19,0,red,
26,,"Hasbrouck Heights, New Jersey",Nikki Delventhal[22],Former NFL Cheerleader,Week 4,19,0,black,
26,,"Kearney, Missouri",Nikki Ferrell[6][7],Pediatric Nurse,Winner,18,0,blonde,
30,,"Raleigh, North Carolina",Nina Bartula,Sales Account Manager,Week 3,23,0,blonde,
26,,"Loveland, Colorado",Noelle Drake[2],Photographer,Week 6,12,0,red,
25,,"Anchorage, Alaska",Olivia Burnette[28],Apparel Sales Representative,Week 1,21,1,black,
23,,"Bristol, Virginia",Olivia Caridi[5][13],Former News Anchor,Week 6,20,0,blonde,
23,,"Geneseo, Illinois",Olivia Goethals,Marketing Associate,Week 1,22,1,black,
24,,"Manhattan, Kansas",Onyeka Ehie,IT Risk Consultant,Week 5,23,1,black,
25,,"Minnetonka, Minnesota",Paige Vigil,Jumbotron Operator,Week 1,17,0,brunette,
24,Week 1,"Swansea, Massachusetts",Paula Olivera,Insurance Representative,Week 1,1,,,
24,,"Wellesley, Massachusetts",Payton Moran,Business Development Representative,,24,0,blonde,
24,Week 3,"La Vergne, Tennessee",Peyton Wright,Sorority recruiter,Week 3,10,0,blonde,
26,Week 1,"Buffalo, New York",Rachel Clementi,Fashion public relations manager,Week 1,5,,,
29,Week 1,"Eastchester, New York",Rachel Lanzilotto,6th Grade Teacher,Week 1,1,,,
31,,"Dallas, Texas",Rachel Lindsay[8],Attorney,Week 9,21,1,black,
23,,"Little Rock, Arkansas",Rachel Tchen[28],Unemployed,Week 4,20,0,brunette,
27,,"Southampton, Massachusetts",Rachel Truehart[8],Fashion sales representative,Week 7,16,0,blonde,
29,,"Fullerton, California",Raichel Goodyear[19],Manscaper,Week 2,15,1,black,
27,,"Recife, Pernambuco, Brazil",Raquel Medeiros[10],Medical Student,Week 2,13,0,black,
25,,"Hoxie, Arkansas",Raven Gates[8][9],Fashion Boutique Owner,Runner-up,21,0,brunette,
30,,"Alamo, California",Rebecca,Attorney,Week 1,12,0,brunette,
30,,"Mission Viejo, California",Rebecca,Esthetician,Week 1,15,0,brunette,
27,,"Prior Lake, Minnesota","Rebecca ""Becca"" Kufrin",Publicist,Winner,22,0,brunette,
22,,"Fresno, California","Rebekah ""Bekah"" Martinez",Nanny,Week 7,22,1,brunette,
28,,"Manhattan Beach, California",Reegan Cornwell[15],Cadaver Tissue Saleswoman,Week 1,19,0,blonde,
31,Week 1,"San Diego, California",Regina Doringa,Account representative,Week 1,11,1,black,
28,,"Palos Hills, Illinois",Renee Halpin,Nanny,Week 1,15,0,brunette,
32,,"Martha's Vineyard, Massachusetts[a]",Renee Oteri[10],Real Estate Agent,Week 8,18,0,brunette,
36,,"Southfield, Michigan",Renee Simlak,Jewelry Designer,Week 1,13,0,brunette,
30,Week 1,"Baltimore, MD",Renee Snell,Broadcast marketer,Week 1,9,,,
24,,"Austin, Texas",Revian Chang,Nurse,Week 1,23,1,blonde,
28,Week 3,"Woodward, Oklahoma",Rhonda Rittenhouse,Commercial Real Estate Agent,Week 3,1,0,brunette,
29,Week 1,"Richmond, VA",Rita Ghazal,Policy advisor,Week 1,9,,,
22,,"Holland, Michigan",Robin Canfield[3],Advertising coordinator,Week 5,12,0,brunette,
24,,"Topeka, Kansas",Robyn Howard[13][20],Oil Field Account Manager,Week 5,17,1,black,
27,Week 1,"Chicago, Illinois",Rosella Fratto,Make-up artist,Week 1,9,,,
28,,"Richmond, Virginia",Rozlyn Papa[4],Model/Make-Up Artist,Week 2,14,0,blonde,
23,Week 7,"Carlsbad, California",Sadie Murray,Publicist,Runner-up,9,0,blonde,
26,,"Pittsburgh, Pennsylvania",Samantha Levey[12][13],Advertising account manager,Week 4,16,0,blonde,
26,,"New Smyrna Beach, Florida",Samantha Passmore[34],Attorney,Week 2,20,0,blonde,
27,,"Indianapolis, Indiana[g]",Samantha Steffen[15][24],Fashion Designer,Week 5,19,0,black,
,,,Sarah Brice,,Winner,7,0,blonde,
24,,"Knoxville, Tennessee",Sarah Coffin,Medical Rediographer,,24,0,blonde,
26,,"Evergreen, Colorado",Sarah Herron[14][19],Advertising Executive,Week 6,17,0,blonde,
25,,"Saginaw, Michigan",Sarah Ledtke[23],Musical Theatre Performer,Week 1,15,0,brunette,
23,Week 3,"O'Fallon, Illinois",Sarah Newlon,Bar manager,Week 3,11,0,brunette,
27,,"Denver, Colorado",Sarah Powell[16],Real Estate Broker,Week 3,15,0,blonde,
30,Week 2,"Nelson, British Columbia",Sarah Schnare,Journalist,Week 2,9,,,
,,"Nashville, Tennessee",Sarah Stone,Kindergarten Teacher,Winner,8,0,brunette,
26,,"Palmdale, California",Sarah Vendal[6],Grade School Teacher,Week 4,21,,,
27,,"Houston, Texas",Savannah Mullins,Realtor,,24,0,blonde,
27,,"Long Beach, California",Seinne Fleming,Commercial Real Estate Agent,Week 7,22,1,black,
29,,"Borrego Springs, California",Selma Alameri[18],Real Estate Dealer,Week 6,17,0,brunette,
26,Week 3,"Long Island, New York",Shannon,Graphic Artist,Week 3,2,,,
29,,"Marshall, Missouri",Shannon Bair[6],Dental Hygienist,Week 4,13,0,brunette,
24,Week 5,"Dallas, Texas",Shannon Oliver,Financial Management Consultant,Week 5,1,0,brunette,
29,,"Ottawa, Ontario",Sharleen Joynt[12][13],Opera Singer,Week 7,18,0,brunette,
32,,"Batavia, New York",Sharon Staebell[11],Teacher,Week 2,13,0,blonde,
28,,"Cincinnati, Ohio",Shawn Reynolds[18],Financial advisor,Week 2,16,0,blonde,
25,,"Chico, California",Shawntel Newton[8],Funeral Director,Week 8,15,0,brunette,
22,,"Malibu, California",Shayne Lamas[1],Actress,Winner,12,0,blonde,
23,Week 6,"Walnut Creek, California",Sheena Stewart[3],Internet marketing executive,Week 6,11,0,blonde,
25,,"Scottsdale, Arizona",Sheila Marie Lidner[15],Commercial Pilot,Week 1,14,0,blonde,
23,,"Stockton, California",Shelby,Account Executive,Week 1,13,0,blonde,
27,,"Las Vegas, Nevada",Shiann Lewis,Administrative Assistant,,24,1,black,
35,,"Massapequa Park, New York",Shira Astrof[13],Actress,Week 1,16,0,brunette,
27,,"Salt Lake City, Utah",Shushanna Mkrtychyan[31],Mathematician,Week 3,20,0,brunette,
25,Week 3,"Georgetown, Texas",Solisa Shoop[9],Esthetician,Week 3,11,0,brunette,
26,,"Chicago, Illinois",Stacey Elza[14],Graduate student,Week 1,12,0,blonde,
26,,"Quincy, Massachusetts",Stacey Quirpel,Bartender,Week 4,15,0,brunette,
24,,"Orem, Utah",Stacia Mann,Single Mother & Charity Accountant,Week 1,13,0,brunette,
34,,"Huntsville, Alabama",Stephanie Hogan[4],Single Mother & Medical Marketing Rep.,Week 5,13,0,brunette,
24,,"Morris, Illinois",Stephanie Mueller[13],Dance Teacher,Week 1,14,0,brunette,
27,Week 4,"Folly Beach, South Carolina",Stephanie Tipper,Organ donor coordinator,Week 4,10,0,brunette,
23,Week 5,"Overland Park, Kansas",Stephanie Wilhite,Project Manager,Week 5,10,0,blonde,
23,Week 2,"The Woodlands, Texas",Susan Anderson,Boutique manager,Week 2,10,0,blonde,
35,Week 1,"St. Charles, Illinois",Susan Coolidge,Project analyst,Week 1,11,0,brunette,
26,,"San Diego, California",Susannah Milan[32],Account Manager,Week 1,21,1,brunette,
33,Week 2,"Redondo Beach, California",Suzanne Freeman,Flight Attendant,Week 2,2,0,brunette,
28,Week 1,"Richmond, Virginia",Suzi Reid,Communications Specialist,Week 1,2,,,
23,Week 4,"Ann Arbor, Michigan",Suzie Williams,Prosthetic technician,Week 4,5,,,
24,,"Birmingham, Alabama",Sydney Hightower,Retail Marketing Manager,,24,0,Black,
27,,"Virginia Beach, Virginia",Sydney Lotuaco,NBA Dancer,Week 6 (quit),23,1,black,
25,,"Castle Pines, Colorado",Tahzjuan Hawkins,Business Development Associate,Week 1,23,1,black,
23,,"Beverly Hills, California",Tamara Sketz,Cocktail waitress,Week 1,12,0,brunette,
24,,"Syracuse, New York",Tammy Kay Ly,House Flipper,,24,1,brunette,
30,,"Sandy, Utah",Tandra Steiner[5],Executive Assistant,Week 2,19,0,blonde,
24,Week 1,"St. Augustine, Florida",Tara Durr,Realtor,Week 1,9,,,
26,,"Fort Lauderdale, Florida",Tara Eddings[5][38],Sport Fishing Enthusiast,Week 2,19,0,blonde,
23,Week 7,"Shawnee, Oklahoma",Tara Huckeby,General contractor,Runner-up,5,0,blonde,
30,,"Troutdale, Oregon",Taryn Renee Daniels[23],Health Club Manager,Week 3,17,0,blonde,
31,Week 1,"St. Louis Park, Minnesota",Tauni Nessler [11],Emergency room nurse,Week 1,11,0,brunette,
23,,"Seattle, Washington",Taylor Nolan[17],Mental Health Counselor,Week 5,21,0,brunette,
29,,"Corona del Mar, California",Tayshia Adams,Phlebotomist,Week 9,23,1,brunette,
25,,"Newberg, Oregon",Tenley Molzahn[1][3],College Admissions,Runner-up,14,0,blonde,
26,Winner,"San Francisco, California",Tessa Horst,Social Worker,Winner,10,1,brunette,
26,,"Weiner, Arkansas",Tia Booth,Physical Therapist,Week 8,22,0,brunette,
31,,"Calgary, Alberta",Tiana Kruzel[16],Medical Technician,Week 1,14,0,blonde,
27,,"Redmond, Washington",Tiara Soleim[41],Chicken Enthusiast,Week 1,20,0,blonde,
24,,"Las Vegas, Nevada",Tierra LiCausi[16],Leasing Consultant,Week 7,17,0,brunette,
27,Week 1,"St. Louis Park, Minnesota",Tiffany Forester,Real estate sales/development,Week 1,10,0,blonde,
33,,"San Francisco, California",Tiffany Thornburg,Real estate marketing rep.,Week 1,12,0,brunette,
28,Week 2,"Boston, Massachusetts",Tiffany Warren,Medical equipment sales rep,Week 2,10,0,blonde,
27,Week 2,"Plano, Texas",Tina Chen,Graduate Student,Week 2,1,,,
26,Week 5,"Los Angeles, California",Tina Wu,Medical student,Week 5,10,1,black,
29,,"Wellington, Florida",Tracy Darakis[32],Fourth Grade Teacher,Week 3,19,0,brunette,
31,,"Rochester, New York",Tracy Shapoff,Wardrobe Stylist,Week 4,23,0,brunette,
28,,"Salt Lake City, Utah",Treasure Morgan,Single Mother and Nurse Practitioner,Week 1,13,0,brunette,
33,,"Algonquin, Illinois[j]",Trina Scherenberg[15][33],Special Education Teacher,Week 3,19,0,blonde,
28,Week 5,"Atlanta, Georgia",Trish Schneider,Model,Week 5,5,,,
29,Runner-Up,"Miami, Florida",Trista Rehn,Miami Heat Dancer,Runner-up,1,0,blonde,
26,,"Nashville, Tennessee",Valerie Biles,Server,Week 2,22,0,brunette,
26,,"Sutter, California",Valerie Eredia[13][26],Personal Trainer,Week 1,18,0,black,
32,,"San Bernardino, California",Valishia Savage[6],Homemaker,Week 3,14,0,black,
29,,"Montreal, Quebec",Vanessa Grimaldi[11],Special Education Teacher,Winner,21,0,brown,
25,,"Virginia Beach, Virginia",Victoria Fuller,Medical Sales Representative,,24,0,brunette,
24,,"Porto Alegre, Brazil",Victoria Lima[13],Legal Assistant,Week 2,18,0,brunette,
27,,"Alexandria, Louisiana",Victoria Paul,Nurse,,24,0,blonde,
23,,"Geneva, Florida",Vienna Girardi[1][2],Marketing Representative,Winner,14,0,blonde,
26,Week 1,"Dallas, Texas",Wendi Plotnik,Technology Specialist,Week 1,1,,,
29,,"Louisville, Kentucky[a]",Whitney Bischoff[5][6][7],Fertility Nurse,Winner,19,0,blonde,
25,,"Chanhassen, Minnesota",Whitney Fransway[7],Pilates Instructor,Week 6,21,0,brunette,
